ID,N_VICTIMAS,VICTIMA,ACUSADO,AAAA,SEMESTRE
2016-0001,1,MOTO,AUTO,2016,2016_1
2016-0002,1,AUTO,PASAJEROS,2016,2016_1
2016-0003,1,MOTO,AUTO,2016,2016_1
2016-0004,1,MOTO,SD,2016,2016_1
2016-0005,1,MOTO,PASAJEROS,2016,2016_1
2016-0008,1,MOTO,OBJETO FIJO,2016,2016_1
2016-0009,1,MOTO,AUTO,2016,2016_1
2016-0010,1,MOTO,AUTO,2016,2016_1
2016-0012,1,MOTO,CARGAS,2016,2016_1
2016-0013,1,PEATON,AUTO,2016,2016_1
2016-0015,1,PEATON,AUTO,2016,2016_1
2016-0016,1,MOTO,AUTO,2016,2016_1
2016-0017,1,PEATON,MOTO,2016,2016_1
2016-0019,1,PEATON,PASAJEROS,2016,2016_1
2016-0020,1,PEATON,AUTO,2016,2016_1
2016-0021,1,AUTO,AUTO,2016,2016_1
2016-0022,1,MOTO,AUTO,2016,2016_1
2016-0025,1,AUTO,AUTO,2016,2016_1
2016-0026,1,AUTO,OBJETO FIJO,2016,2016_1
2016-0027,1,AUTO,AUTO,2016,2016_1
2016-0028,1,PEATON,CARGAS,2016,2016_1
2016-0029,1,PEATON,PASAJEROS,2016,2016_1
2016-0031,1,MOTO,PASAJEROS,2016,2016_1
2016-0034,1,PEATON,PASAJEROS,2016,2016_1
2016-0035,1,MOTO,PASAJEROS,2016,2016_1
2016-0036,1,MOTO,PASAJEROS,2016,2016_1
2016-0037,1,MOTO,MOTO,2016,2016_1
2016-0038,1,PEATON,PASAJEROS,2016,2016_1
2016-0039,1,MOTO,PASAJEROS,2016,2016_1
2016-0041,2,MOTO,CARGAS,2016,2016_1
2016-0043,1,PEATON,CARGAS,2016,2016_1
2016-0044,1,MOTO,MULTIPLE,2016,2016_1
2016-0045,1,MOTO,SD,2016,2016_1
2016-0047,1,PEATON,PASAJEROS,2016,2016_1
2016-0048,1,PEATON,PASAJEROS,2016,2016_1
2016-0049,1,SD,SD,2016,2016_1
2016-0050,1,PEATON,PASAJEROS,2016,2016_1
2016-0051,1,MOTO,CARGAS,2016,2016_1
2016-0052,1,MOTO,SD,2016,2016_1
2016-0053,1,PEATON,PASAJEROS,2016,2016_1
2016-0054,1,MOTO,MOTO,2016,2016_1
2016-0055,1,PEATON,CARGAS,2016,2016_1
2016-0056,1,MOTO,OBJETO FIJO,2016,2016_1
2016-0058,1,PEATON,MOTO,2016,2016_1
2016-0059,1,PEATON,PASAJEROS,2016,2016_1
2016-0064,1,PEATON,PASAJEROS,2016,2016_1
2016-0065,1,PEATON,AUTO,2016,2016_1
2016-0067,1,MOTO,PASAJEROS,2016,2016_1
2016-0068,1,MOTO,PASAJEROS,2016,2016_1
2016-0069,1,AUTO,CARGAS,2016,2016_1
2016-0073,1,MOTO,CARGAS,2016,2016_1
2016-0074,1,AUTO,AUTO,2016,2016_1
2016-0075,1,PEATON,AUTO,2016,2016_1
2016-0076,1,PEATON,PASAJEROS,2016,2016_1
2016-0077,1,PEATON,PASAJEROS,2016,2016_1
2016-0078,1,MOTO,MOTO,2016,2016_1
2016-0079,1,AUTO,AUTO,2016,2016_1
2016-0080,1,AUTO,SD,2016,2016_1
2016-0081,1,MOTO,AUTO,2016,2016_1
2016-0082,1,PEATON,AUTO,2016,2016_1
2016-0083,1,PEATON,MOTO,2016,2016_1
2016-0084,1,PEATON,PASAJEROS,2016,2016_1
2016-0085,1,MOTO,OTRO,2016,2016_1
2016-0086,1,PEATON,PASAJEROS,2016,2016_1
2016-0087,1,MOTO,OBJETO FIJO,2016,2016_2
2016-0088,1,PEATON,AUTO,2016,2016_2
2016-0089,1,PEATON,AUTO,2016,2016_2
2016-0090,1,PEATON,PASAJEROS,2016,2016_2
2016-0092,1,MOTO,CARGAS,2016,2016_2
2016-0093,1,AUTO,AUTO,2016,2016_2
2016-0095,1,MOTO,AUTO,2016,2016_2
2016-0096,1,MOTO,CARGAS,2016,2016_2
2016-0097,1,PEATON,AUTO,2016,2016_2
2016-0098,1,MOTO,CARGAS,2016,2016_2
2016-0099,1,CARGAS,CARGAS,2016,2016_2
2016-0100,1,MOTO,OBJETO FIJO,2016,2016_2
2016-0101,1,SD,SD,2016,2016_2
2016-0102,1,MOTO,CARGAS,2016,2016_2
2016-0104,1,MOTO,PASAJEROS,2016,2016_2
2016-0105,1,PEATON,PASAJEROS,2016,2016_2
2016-0106,1,PEATON,PASAJEROS,2016,2016_2
2016-0107,1,MOTO,AUTO,2016,2016_2
2016-0109,1,AUTO,OBJETO FIJO,2016,2016_2
2016-0110,1,PEATON,SD,2016,2016_2
2016-0111,1,MOTO,CARGAS,2016,2016_2
2016-0112,1,MOTO,OBJETO FIJO,2016,2016_2
2016-0113,1,PEATON,PASAJEROS,2016,2016_2
2016-0114,1,BICICLETA,CARGAS,2016,2016_2
2016-0115,1,SD,CARGAS,2016,2016_2
2016-0116,1,MOTO,AUTO,2016,2016_2
2016-0117,1,AUTO,AUTO,2016,2016_2
2016-0118,1,AUTO,AUTO,2016,2016_2
2016-0119,1,SD,SD,2016,2016_2
2016-0122,1,BICICLETA,PASAJEROS,2016,2016_2
2016-0123,1,MOTO,AUTO,2016,2016_2
2016-0124,1,PEATON,PASAJEROS,2016,2016_2
2016-0125,1,MOTO,MOTO,2016,2016_2
2016-0126,2,AUTO,CARGAS,2016,2016_2
2016-0127,1,PEATON,PASAJEROS,2016,2016_2
2016-0128,1,PEATON,PASAJEROS,2016,2016_2
2016-0130,1,MOTO,CARGAS,2016,2016_2
2016-0131,1,PEATON,AUTO,2016,2016_2
2016-0132,1,AUTO,PASAJEROS,2016,2016_2
2016-0133,1,MOTO,AUTO,2016,2016_2
2016-0134,1,MOTO,OBJETO FIJO,2016,2016_2
2016-0135,1,PEATON,SD,2016,2016_2
2016-0136,1,MOTO,CARGAS,2016,2016_2
2016-0137,1,MOTO,MOTO,2016,2016_2
2016-0138,1,BICICLETA,CARGAS,2016,2016_2
2016-0139,1,MOTO,MOTO,2016,2016_2
2016-0140,1,PASAJEROS,PASAJEROS,2016,2016_2
2016-0142,1,MOTO,PASAJEROS,2016,2016_2
2016-0143,1,MOTO,SD,2016,2016_2
2016-0144,1,PEATON,PASAJEROS,2016,2016_2
2016-0145,1,MOTO,AUTO,2016,2016_2
2016-0146,1,PEATON,PASAJEROS,2016,2016_2
2016-0147,1,MOVIL,PASAJEROS,2016,2016_2
2016-0148,1,MOTO,MOTO,2016,2016_2
2016-0150,1,CARGAS,CARGAS,2016,2016_2
2016-0151,1,PEATON,SD,2016,2016_2
2016-0152,1,MOTO,AUTO,2016,2016_2
2016-0153,1,PEATON,MOTO,2016,2016_2
2016-0154,1,MOTO,MOTO,2016,2016_2
2016-0155,1,PEATON,AUTO,2016,2016_2
2016-0156,1,MOTO,PASAJEROS,2016,2016_2
2016-0157,1,MOTO,MOTO,2016,2016_2
2016-0159,1,AUTO,SD,2016,2016_2
2016-0160,1,CARGAS,OBJETO FIJO,2016,2016_2
2016-0161,1,PEATON,PASAJEROS,2016,2016_2
2016-0162,1,PEATON,AUTO,2016,2016_2
2016-0163,1,MOTO,AUTO,2016,2016_2
2016-0164,1,AUTO,AUTO,2016,2016_2
2016-0165,1,BICICLETA,PASAJEROS,2016,2016_2
2016-0168,1,MOTO,AUTO,2016,2016_2
2016-0169,1,MOTO,PASAJEROS,2016,2016_2
2016-0170,1,MOTO,AUTO,2016,2016_2
2016-0171,1,MOTO,MOTO,2016,2016_2
2016-0172,1,MOTO,CARGAS,2016,2016_2
2016-0173,1,MOTO,CARGAS,2016,2016_2
2016-0174,1,SD,SD,2016,2016_2
2016-0175,1,PEATON,BICICLETA,2016,2016_2
2016-0176,1,MOTO,PASAJEROS,2016,2016_2
2016-0177,1,PEATON,AUTO,2016,2016_2
2016-0178,1,PEATON,MULTIPLE,2016,2016_2
2017-0001,1,MOTO,CARGAS,2017,2017_1
2017-0003,1,CARGAS,CARGAS,2017,2017_1
2017-0007,1,PEATON,MULTIPLE,2017,2017_1
2017-0008,1,MOTO,PASAJEROS,2017,2017_1
2017-0009,1,MOTO,CARGAS,2017,2017_1
2017-0010,1,MOTO,AUTO,2017,2017_1
2017-0011,1,MOTO,OBJETO FIJO,2017,2017_1
2017-0012,1,MOTO,CARGAS,2017,2017_1
2017-0013,1,PEATON,CARGAS,2017,2017_1
2017-0014,1,MOTO,MULTIPLE,2017,2017_1
2017-0015,1,PEATON,AUTO,2017,2017_1
2017-0016,1,MOTO,CARGAS,2017,2017_1
2017-0017,1,MOTO,AUTO,2017,2017_1
2017-0018,1,MOTO,AUTO,2017,2017_1
2017-0021,1,MOTO,PASAJEROS,2017,2017_1
2017-0024,1,PEATON,PASAJEROS,2017,2017_1
2017-0025,1,MOTO,SD,2017,2017_1
2017-0026,2,AUTO,OBJETO FIJO,2017,2017_1
2017-0027,1,PEATON,AUTO,2017,2017_1
2017-0028,1,PEATON,AUTO,2017,2017_1
2017-0029,1,SD,AUTO,2017,2017_1
2017-0030,1,AUTO,PASAJEROS,2017,2017_1
2017-0031,1,AUTO,OBJETO FIJO,2017,2017_1
2017-0032,1,AUTO,AUTO,2017,2017_1
2017-0033,1,AUTO,AUTO,2017,2017_1
2017-0034,1,PEATON,AUTO,2017,2017_1
2017-0035,3,AUTO,OBJETO FIJO,2017,2017_1
2017-0036,2,MOTO,PASAJEROS,2017,2017_1
2017-0037,1,MOTO,CARGAS,2017,2017_1
2017-0038,1,MOTO,AUTO,2017,2017_1
2017-0040,1,AUTO,MULTIPLE,2017,2017_1
2017-0041,1,MOTO,AUTO,2017,2017_1
2017-0042,1,MOTO,CARGAS,2017,2017_1
2017-0045,1,MOTO,OBJETO FIJO,2017,2017_1
2017-0047,1,MOTO,AUTO,2017,2017_1
2017-0049,1,PEATON,PASAJEROS,2017,2017_1
2017-0050,2,MOTO,CARGAS,2017,2017_1
2017-0051,1,AUTO,AUTO,2017,2017_1
2017-0052,1,PEATON,CARGAS,2017,2017_1
2017-0053,1,MOTO,CARGAS,2017,2017_1
2017-0054,1,MOTO,AUTO,2017,2017_1
2017-0055,1,AUTO,AUTO,2017,2017_1
2017-0058,1,PEATON,MOTO,2017,2017_1
2017-0059,1,PEATON,PASAJEROS,2017,2017_1
2017-0060,1,MOTO,OBJETO FIJO,2017,2017_1
2017-0061,1,PEATON,MOTO,2017,2017_1
2017-0062,1,MOTO,CARGAS,2017,2017_1
2017-0063,1,PEATON,PASAJEROS,2017,2017_1
2017-0064,1,CARGAS,AUTO,2017,2017_1
2017-0065,1,BICICLETA,CARGAS,2017,2017_1
2017-0066,1,PEATON,PASAJEROS,2017,2017_1
2017-0067,1,MOTO,CARGAS,2017,2017_1
2017-0068,1,MOTO,OBJETO FIJO,2017,2017_1
2017-0069,1,MOTO,SD,2017,2017_1
2017-0070,1,PEATON,AUTO,2017,2017_1
2017-0072,1,AUTO,AUTO,2017,2017_1
2017-0073,1,MOTO,AUTO,2017,2017_1
2017-0074,1,SD,SD,2017,2017_1
2017-0075,1,PEATON,MOTO,2017,2017_1
2017-0076,1,PEATON,CARGAS,2017,2017_1
2017-0077,1,MOTO,CARGAS,2017,2017_1
2017-0079,1,MOTO,CARGAS,2017,2017_1
2017-0080,1,PEATON,CARGAS,2017,2017_1
2017-0082,1,PEATON,AUTO,2017,2017_1
2017-0083,1,MOTO,CARGAS,2017,2017_2
2017-0084,1,PEATON,PASAJEROS,2017,2017_2
2017-0085,1,PEATON,PASAJEROS,2017,2017_2
2017-0086,1,PEATON,MOTO,2017,2017_2
2017-0087,1,PEATON,AUTO,2017,2017_2
2017-0088,1,PEATON,PASAJEROS,2017,2017_2
2017-0089,1,SD,AUTO,2017,2017_2
2017-0090,1,PEATON,AUTO,2017,2017_2
2017-0091,1,MOTO,SD,2017,2017_2
2017-0092,1,PEATON,AUTO,2017,2017_2
2017-0093,1,PEATON,AUTO,2017,2017_2
2017-0094,1,BICICLETA,CARGAS,2017,2017_2
2017-0095,1,MOTO,AUTO,2017,2017_2
2017-0096,1,PEATON,PASAJEROS,2017,2017_2
2017-0098,1,PEATON,AUTO,2017,2017_2
2017-0099,1,BICICLETA,AUTO,2017,2017_2
2017-0100,1,MOTO,OBJETO FIJO,2017,2017_2
2017-0101,1,PEATON,MULTIPLE,2017,2017_2
2017-0102,1,PEATON,CARGAS,2017,2017_2
2017-0104,1,PEATON,CARGAS,2017,2017_2
2017-0106,1,PEATON,PASAJEROS,2017,2017_2
2017-0107,1,MOTO,CARGAS,2017,2017_2
2017-0108,2,OBJETO FIJO,AUTO,2017,2017_2
2017-0109,1,MOTO,AUTO,2017,2017_2
2017-0110,1,PEATON,PASAJEROS,2017,2017_2
2017-0111,1,PEATON,CARGAS,2017,2017_2
2017-0112,2,AUTO,OBJETO FIJO,2017,2017_2
2017-0113,1,PEATON,PASAJEROS,2017,2017_2
2017-0114,1,AUTO,OBJETO FIJO,2017,2017_2
2017-0115,1,MOTO,BICICLETA,2017,2017_2
2017-0116,1,MOTO,OBJETO FIJO,2017,2017_2
2017-0118,1,MOTO,AUTO,2017,2017_2
2017-0120,1,MOTO,CARGAS,2017,2017_2
2017-0123,1,PEATON,AUTO,2017,2017_2
2017-0124,1,MOTO,PASAJEROS,2017,2017_2
2017-0125,1,MOTO,OBJETO FIJO,2017,2017_2
2017-0126,2,AUTO,OBJETO FIJO,2017,2017_2
2017-0127,1,MOTO,MOTO,2017,2017_2
2017-0128,1,PEATON,PASAJEROS,2017,2017_2
2017-0129,1,MOTO,PASAJEROS,2017,2017_2
2017-0130,1,AUTO,CARGAS,2017,2017_2
2017-0132,1,MOTO,PASAJEROS,2017,2017_2
2017-0134,1,PEATON,PASAJEROS,2017,2017_2
2017-0135,1,MOTO,CARGAS,2017,2017_2
2017-0136,1,PEATON,PASAJEROS,2017,2017_2
2017-0137,1,PEATON,CARGAS,2017,2017_2
2017-0138,1,MOTO,OBJETO FIJO,2017,2017_2
2017-0139,1,AUTO,OBJETO FIJO,2017,2017_2
2017-0140,1,MOTO,PASAJEROS,2017,2017_2
2017-0141,1,PEATON,PASAJEROS,2017,2017_2
2017-0143,1,AUTO,PASAJEROS,2017,2017_2
2017-0144,1,AUTO,OBJETO FIJO,2017,2017_2
2017-0145,1,MOTO,AUTO,2017,2017_2
2017-0147,1,MOTO,AUTO,2017,2017_2
2017-0148,1,PEATON,PASAJEROS,2017,2017_2
2017-0149,1,PEATON,PASAJEROS,2017,2017_2
2017-0150,1,PEATON,AUTO,2017,2017_2
2017-0151,1,PEATON,PASAJEROS,2017,2017_2
2017-0152,1,BICICLETA,PASAJEROS,2017,2017_2
2017-0153,2,MOTO,PASAJEROS,2017,2017_2
2017-0154,1,PEATON,PASAJEROS,2017,2017_2
2017-0155,1,SD,MOTO,2017,2017_2
2017-0157,1,AUTO,PASAJEROS,2017,2017_2
2017-0158,1,MOTO,AUTO,2017,2017_2
2017-0159,1,MOTO,AUTO,2017,2017_2
2017-0160,1,PEATON,MOTO,2017,2017_2
2017-0161,1,PEATON,AUTO,2017,2017_2
2018-0001,1,PEATON,MOTO,2018,2018_1
2018-0002,1,BICICLETA,PASAJEROS,2018,2018_1
2018-0003,1,PEATON,MULTIPLE,2018,2018_1
2018-0004,1,MOTO,MULTIPLE,2018,2018_1
2018-0005,1,PEATON,PASAJEROS,2018,2018_1
2018-0006,1,BICICLETA,PASAJEROS,2018,2018_1
2018-0007,1,AUTO,AUTO,2018,2018_1
2018-0008,1,MOTO,CARGAS,2018,2018_1
2018-0009,1,MOTO,MOTO,2018,2018_1
2018-0010,1,MOTO,CARGAS,2018,2018_1
2018-0011,1,PEATON,PASAJEROS,2018,2018_1
2018-0012,1,MOTO,PASAJEROS,2018,2018_1
2018-0013,1,MOTO,AUTO,2018,2018_1
2018-0014,1,PEATON,MOTO,2018,2018_1
2018-0015,2,MOTO,PASAJEROS,2018,2018_1
2018-0016,1,MOTO,CARGAS,2018,2018_1
2018-0017,1,PEATON,AUTO,2018,2018_1
2018-0018,1,MOTO,CARGAS,2018,2018_1
2018-0019,1,PEATON,PASAJEROS,2018,2018_1
2018-0020,1,MOTO,CARGAS,2018,2018_1
2018-0021,1,PEATON,PASAJEROS,2018,2018_1
2018-0022,1,MOTO,CARGAS,2018,2018_1
2018-0023,1,MOTO,AUTO,2018,2018_1
2018-0024,1,PEATON,CARGAS,2018,2018_1
2018-0025,1,PEATON,AUTO,2018,2018_1
2018-0026,2,MOVIL,CARGAS,2018,2018_1
2018-0027,1,PEATON,MOTO,2018,2018_1
2018-0028,1,PEATON,CARGAS,2018,2018_1
2018-0029,1,MOTO,AUTO,2018,2018_1
2018-0030,1,MOTO,MOTO,2018,2018_1
2018-0031,1,MOTO,CARGAS,2018,2018_1
2018-0032,1,PEATON,PASAJEROS,2018,2018_1
2018-0033,1,MOTO,CARGAS,2018,2018_1
2018-0034,1,PEATON,PASAJEROS,2018,2018_1
2018-0035,1,PEATON,PASAJEROS,2018,2018_1
2018-0036,1,MOTO,AUTO,2018,2018_1
2018-0037,1,PEATON,CARGAS,2018,2018_1
2018-0038,2,PEATON,AUTO,2018,2018_1
2018-0039,1,PEATON,AUTO,2018,2018_1
2018-0040,1,PEATON,CARGAS,2018,2018_1
2018-0041,1,PEATON,PASAJEROS,2018,2018_1
2018-0042,1,MOTO,CARGAS,2018,2018_1
2018-0043,1,MOTO,AUTO,2018,2018_1
2018-0044,1,PEATON,AUTO,2018,2018_1
2018-0045,1,AUTO,CARGAS,2018,2018_1
2018-0046,1,PEATON,AUTO,2018,2018_1
2018-0047,1,PEATON,PASAJEROS,2018,2018_1
2018-0048,1,PEATON,PASAJEROS,2018,2018_1
2018-0049,1,PEATON,AUTO,2018,2018_1
2018-0050,1,PEATON,PASAJEROS,2018,2018_1
2018-0051,1,PEATON,AUTO,2018,2018_1
2018-0052,1,PEATON,PASAJEROS,2018,2018_1
2018-0053,1,MOTO,AUTO,2018,2018_1
2018-0054,1,PEATON,BICICLETA,2018,2018_1
2018-0055,1,MOTO,AUTO,2018,2018_1
2018-0056,1,PEATON,PASAJEROS,2018,2018_1
2018-0057,1,MOTO,PASAJEROS,2018,2018_1
2018-0058,1,MOTO,AUTO,2018,2018_1
2018-0059,1,MOTO,OTRO,2018,2018_1
2018-0060,1,PEATON,PASAJEROS,2018,2018_1
2018-0061,1,MOTO,MOTO,2018,2018_1
2018-0062,1,PEATON,CARGAS,2018,2018_1
2018-0063,1,PEATON,PASAJEROS,2018,2018_1
2018-0064,1,AUTO,CARGAS,2018,2018_1
2018-0065,1,MOTO,CARGAS,2018,2018_1
2018-0066,1,PEATON,PASAJEROS,2018,2018_1
2018-0067,1,PASAJEROS,AUTO,2018,2018_1
2018-0068,1,MOTO,AUTO,2018,2018_2
2018-0069,1,BICICLETA,PASAJEROS,2018,2018_2
2018-0070,1,MOTO,PASAJEROS,2018,2018_2
2018-0071,1,MOTO,CARGAS,2018,2018_2
2018-0072,1,MOTO,CARGAS,2018,2018_2
2018-0073,1,PEATON,CARGAS,2018,2018_2
2018-0074,1,AUTO,CARGAS,2018,2018_2
2018-0075,1,PEATON,AUTO,2018,2018_2
2018-0076,1,AUTO,CARGAS,2018,2018_2
2018-0077,1,AUTO,CARGAS,2018,2018_2
2018-0078,1,PEATON,AUTO,2018,2018_2
2018-0079,1,PEATON,CARGAS,2018,2018_2
2018-0080,1,PEATON,AUTO,2018,2018_2
2018-0081,1,PEATON,MULTIPLE,2018,2018_2
2018-0082,1,MOTO,CARGAS,2018,2018_2
2018-0083,1,MOTO,CARGAS,2018,2018_2
2018-0084,1,PEATON,CARGAS,2018,2018_2
2018-0085,2,MOTO,PASAJEROS,2018,2018_2
2018-0086,1,PEATON,PASAJEROS,2018,2018_2
2018-0087,1,PEATON,PASAJEROS,2018,2018_2
2018-0088,1,MOTO,CARGAS,2018,2018_2
2018-0089,1,PEATON,PASAJEROS,2018,2018_2
2018-0090,1,MOTO,AUTO,2018,2018_2
2018-0091,1,AUTO,AUTO,2018,2018_2
2018-0092,1,MOTO,AUTO,2018,2018_2
2018-0093,1,PEATON,PASAJEROS,2018,2018_2
2018-0094,1,MOTO,PASAJEROS,2018,2018_2
2018-0095,1,AUTO,AUTO,2018,2018_2
2018-0096,1,PEATON,AUTO,2018,2018_2
2018-0097,1,AUTO,OTRO,2018,2018_2
2018-0098,2,AUTO,AUTO,2018,2018_2
2018-0099,1,PEATON,PASAJEROS,2018,2018_2
2018-0100,1,MOTO,AUTO,2018,2018_2
2018-0101,1,AUTO,MULTIPLE,2018,2018_2
2018-0102,1,MOTO,AUTO,2018,2018_2
2018-0103,1,PEATON,MOTO,2018,2018_2
2018-0104,1,MOTO,MOTO,2018,2018_2
2018-0105,1,PEATON,PASAJEROS,2018,2018_2
2018-0106,1,MOTO,MOTO,2018,2018_2
2018-0107,1,PEATON,PASAJEROS,2018,2018_2
2018-0108,1,MOTO,AUTO,2018,2018_2
2018-0109,1,PEATON,PASAJEROS,2018,2018_2
2018-0110,1,PEATON,MOTO,2018,2018_2
2018-0111,1,MOTO,CARGAS,2018,2018_2
2018-0112,1,MOTO,CARGAS,2018,2018_2
2018-0113,1,MOTO,CARGAS,2018,2018_2
2018-0114,1,MOTO,AUTO,2018,2018_2
2018-0115,1,PEATON,PASAJEROS,2018,2018_2
2018-0116,1,PEATON,CARGAS,2018,2018_2
2018-0117,1,MOTO,MOTO,2018,2018_2
2018-0118,1,PEATON,MOTO,2018,2018_2
2018-0119,1,PEATON,SD,2018,2018_2
2018-0120,1,PEATON,AUTO,2018,2018_2
2018-0121,1,PEATON,PASAJEROS,2018,2018_2
2018-0122,1,AUTO,AUTO,2018,2018_2
2018-0123,1,AUTO,SD,2018,2018_2
2018-0124,1,CARGAS,CARGAS,2018,2018_2
2018-0125,1,PEATON,PASAJEROS,2018,2018_2
2018-0126,1,MOTO,AUTO,2018,2018_2
2018-0127,1,MOTO,MOTO,2018,2018_2
2018-0128,2,AUTO,PASAJEROS,2018,2018_2
2018-0129,1,MOTO,PASAJEROS,2018,2018_2
2018-0130,1,MOTO,PASAJEROS,2018,2018_2
2018-0131,1,MOTO,CARGAS,2018,2018_2
2018-0132,1,PEATON,CARGAS,2018,2018_2
2018-0133,1,PEATON,CARGAS,2018,2018_2
2018-0134,1,PEATON,MOTO,2018,2018_2
2018-0135,1,PEATON,PASAJEROS,2018,2018_2
2018-0136,1,PEATON,PASAJEROS,2018,2018_2
2018-0137,1,MOTO,PASAJEROS,2018,2018_2
2018-0138,1,PASAJEROS,PASAJEROS,2018,2018_2
2018-0139,1,MOTO,MOTO,2018,2018_2
2018-0140,1,AUTO,AUTO,2018,2018_2
2018-0141,1,PEATON,MOTO,2018,2018_2
2018-0142,1,CARGAS,PASAJEROS,2018,2018_2
2018-0143,1,MOTO,AUTO,2018,2018_2
2019-0001,1,MOTO,CARGAS,2019,2019_1
2019-0002,1,AUTO,CARGAS,2019,2019_1
2019-0003,1,MOTO,AUTO,2019,2019_1
2019-0004,1,AUTO,PASAJEROS,2019,2019_1
2019-0005,1,MOTO,CARGAS,2019,2019_1
2019-0006,1,PEATON,AUTO,2019,2019_1
2019-0007,1,MOTO,AUTO,2019,2019_1
2019-0008,1,MOTO,MULTIPLE,2019,2019_1
2019-0009,1,MOTO,AUTO,2019,2019_1
2019-0010,2,PEATON,AUTO,2019,2019_1
2019-0011,1,PEATON,AUTO,2019,2019_1
2019-0012,1,MOTO,AUTO,2019,2019_1
2019-0013,1,PEATON,AUTO,2019,2019_1
2019-0014,1,MOTO,OBJETO FIJO,2019,2019_1
2019-0015,1,AUTO,OBJETO FIJO,2019,2019_1
2019-0016,1,MOTO,PASAJEROS,2019,2019_1
2019-0017,1,AUTO,PASAJEROS,2019,2019_1
2019-0018,1,PEATON,AUTO,2019,2019_1
2019-0019,1,MOTO,AUTO,2019,2019_1
2019-0020,1,MOTO,AUTO,2019,2019_1
2019-0021,1,MOTO,AUTO,2019,2019_1
2019-0022,1,AUTO,SD,2019,2019_1
2019-0023,1,AUTO,OBJETO FIJO,2019,2019_1
2019-0024,1,MOTO,CARGAS,2019,2019_1
2019-0025,1,PEATON,AUTO,2019,2019_1
2019-0026,1,PEATON,PASAJEROS,2019,2019_1
2019-0027,1,BICICLETA,MULTIPLE,2019,2019_1
2019-0028,1,PEATON,PASAJEROS,2019,2019_1
2019-0029,1,MOTO,OBJETO FIJO,2019,2019_1
2019-0030,1,MOTO,CARGAS,2019,2019_1
2019-0031,1,BICICLETA,CARGAS,2019,2019_1
2019-0032,1,PEATON,AUTO,2019,2019_1
2019-0033,1,MOTO,SD,2019,2019_1
2019-0034,1,MOTO,OBJETO FIJO,2019,2019_1
2019-0035,1,PEATON,BICICLETA,2019,2019_1
2019-0036,1,MOTO,AUTO,2019,2019_1
2019-0037,1,MOTO,AUTO,2019,2019_1
2019-0038,1,PEATON,MOTO,2019,2019_1
2019-0039,1,MOTO,AUTO,2019,2019_1
2019-0040,1,MOTO,SD,2019,2019_1
2019-0041,1,AUTO,MULTIPLE,2019,2019_1
2019-0042,1,PEATON,PASAJEROS,2019,2019_1
2019-0043,1,BICICLETA,CARGAS,2019,2019_1
2019-0044,1,PEATON,MOTO,2019,2019_1
2019-0045,1,MOTO,CARGAS,2019,2019_1
2019-0046,1,MOTO,AUTO,2019,2019_1
2019-0047,1,PEATON,CARGAS,2019,2019_1
2019-0048,1,MOTO,CARGAS,2019,2019_1
2019-0049,1,PEATON,CARGAS,2019,2019_1
2019-0050,1,MOTO,CARGAS,2019,2019_1
2019-0051,1,MOTO,AUTO,2019,2019_1
2019-0053,1,AUTO,AUTO,2019,2019_1
2019-0054,1,MOTO,OBJETO FIJO,2019,2019_1
2019-0055,1,MOTO,PASAJEROS,2019,2019_1
2019-0056,1,PEATON,AUTO,2019,2019_1
2019-0057,1,PEATON,AUTO,2019,2019_2
2019-0058,1,MOTO,PASAJEROS,2019,2019_2
2019-0059,1,MOTO,PASAJEROS,2019,2019_2
2019-0060,1,PEATON,AUTO,2019,2019_2
2019-0061,1,PEATON,PASAJEROS,2019,2019_2
2019-0062,1,PEATON,PASAJEROS,2019,2019_2
2019-0063,1,MOTO,PASAJEROS,2019,2019_2
2019-0064,1,MOTO,AUTO,2019,2019_2
2019-0065,1,PEATON,PASAJEROS,2019,2019_2
2019-0066,1,PEATON,AUTO,2019,2019_2
2019-0067,1,MOTO,CARGAS,2019,2019_2
2019-0068,1,MOTO,MOTO,2019,2019_2
2019-0069,1,MOTO,AUTO,2019,2019_2
2019-0070,1,MOTO,BICICLETA,2019,2019_2
2019-0071,1,PEATON,CARGAS,2019,2019_2
2019-0072,1,AUTO,AUTO,2019,2019_2
2019-0073,1,AUTO,OBJETO FIJO,2019,2019_2
2019-0074,1,MOTO,CARGAS,2019,2019_2
2019-0075,1,MOTO,PASAJEROS,2019,2019_2
2019-0076,1,MOTO,CARGAS,2019,2019_2
2019-0077,1,PEATON,AUTO,2019,2019_2
2019-0078,1,PEATON,CARGAS,2019,2019_2
2019-0079,1,MOTO,PASAJEROS,2019,2019_2
2019-0080,1,PEATON,MOTO,2019,2019_2
2019-0081,1,PEATON,PASAJEROS,2019,2019_2
2019-0082,1,BICICLETA,CARGAS,2019,2019_2
2019-0083,1,AUTO,AUTO,2019,2019_2
2019-0084,1,BICICLETA,CARGAS,2019,2019_2
2019-0085,1,BICICLETA,TREN,2019,2019_2
2019-0086,1,MOTO,PASAJEROS,2019,2019_2
2019-0087,1,MOTO,MOTO,2019,2019_2
2019-0088,1,PEATON,PASAJEROS,2019,2019_2
2019-0089,1,PEATON,CARGAS,2019,2019_2
2019-0090,1,PEATON,MOTO,2019,2019_2
2019-0091,1,PEATON,PASAJEROS,2019,2019_2
2019-0092,1,PEATON,PASAJEROS,2019,2019_2
2019-0093,1,BICICLETA,OTRO,2019,2019_2
2019-0094,1,MOTO,OTRO,2019,2019_2
2019-0095,1,MOTO,CARGAS,2019,2019_2
2019-0096,1,PEATON,PASAJEROS,2019,2019_2
2019-0097,1,MOTO,MULTIPLE,2019,2019_2
2019-0098,1,PASAJEROS,PASAJEROS,2019,2019_2
2019-0100,1,MOTO,AUTO,2019,2019_2
2019-0101,1,MOTO,MOTO,2019,2019_2
2019-0102,1,MOTO,AUTO,2019,2019_2
2019-0103,1,MOTO,MOTO,2019,2019_2
2019-0104,1,MOTO,AUTO,2019,2019_2
2019-0105,1,PEATON,AUTO,2019,2019_1
2020-0001,1,PEATON,AUTO,2020,2020_1
2020-0002,1,MOTO,OBJETO FIJO,2020,2020_1
2020-0003,1,PEATON,AUTO,2020,2020_1
2020-0004,1,PEATON,PASAJEROS,2020,2020_1
2020-0005,1,MOTO,PASAJEROS,2020,2020_1
2020-0006,1,MOTO,CARGAS,2020,2020_1
2020-0007,1,PEATON,MOTO,2020,2020_1
2020-0008,1,MOTO,CARGAS,2020,2020_1
2020-0009,1,PEATON,AUTO,2020,2020_1
2020-0010,1,MOTO,OBJETO FIJO,2020,2020_1
2020-0011,1,MOTO,CARGAS,2020,2020_1
2020-0012,1,PEATON,MOTO,2020,2020_1
2020-0013,1,PEATON,MOTO,2020,2020_1
2020-0014,1,MOTO,PASAJEROS,2020,2020_1
2020-0015,1,MOTO,PASAJEROS,2020,2020_1
2020-0016,1,PEATON,PASAJEROS,2020,2020_1
2020-0017,1,PEATON,AUTO,2020,2020_1
2020-0018,1,MOTO,OBJETO FIJO,2020,2020_1
2020-0019,1,PEATON,AUTO,2020,2020_1
2020-0020,1,PEATON,MOTO,2020,2020_1
2020-0021,1,PEATON,AUTO,2020,2020_1
2020-0022,1,AUTO,CARGAS,2020,2020_1
2020-0023,1,AUTO,CARGAS,2020,2020_1
2020-0024,1,AUTO,AUTO,2020,2020_1
2020-0025,1,PEATON,AUTO,2020,2020_1
2020-0026,1,MOTO,OBJETO FIJO,2020,2020_1
2020-0027,1,PEATON,CARGAS,2020,2020_1
2020-0028,1,PEATON,PASAJEROS,2020,2020_1
2020-0029,1,PEATON,PASAJEROS,2020,2020_1
2020-0030,1,MOTO,MULTIPLE,2020,2020_1
2020-0031,1,MOTO,CARGAS,2020,2020_1
2020-0032,1,MOTO,AUTO,2020,2020_2
2020-0033,1,AUTO,OBJETO FIJO,2020,2020_2
2020-0034,1,PEATON,AUTO,2020,2020_2
2020-0035,1,MOTO,PASAJEROS,2020,2020_2
2020-0036,1,PEATON,MOTO,2020,2020_2
2020-0037,1,PEATON,AUTO,2020,2020_2
2020-0038,2,AUTO,AUTO,2020,2020_2
2020-0039,1,PEATON,CARGAS,2020,2020_2
2020-0040,1,AUTO,OBJETO FIJO,2020,2020_2
2020-0041,1,MOTO,PASAJEROS,2020,2020_2
2020-0042,1,PEATON,PASAJEROS,2020,2020_2
2020-0043,1,PEATON,PASAJEROS,2020,2020_2
2020-0044,1,AUTO,AUTO,2020,2020_2
2020-0045,1,AUTO,CARGAS,2020,2020_2
2020-0046,1,MOTO,MOTO,2020,2020_2
2020-0047,1,PEATON,CARGAS,2020,2020_2
2020-0048,1,MOTO,OBJETO FIJO,2020,2020_2
2020-0049,1,PEATON,AUTO,2020,2020_2
2020-0050,1,PEATON,MOTO,2020,2020_2
2020-0051,1,MOTO,AUTO,2020,2020_2
2020-0052,1,BICICLETA,CARGAS,2020,2020_2
2020-0053,1,AUTO,AUTO,2020,2020_2
2020-0054,1,BICICLETA,AUTO,2020,2020_2
2020-0055,1,PEATON,CARGAS,2020,2020_2
2020-0056,1,MOTO,CARGAS,2020,2020_2
2020-0057,1,PEATON,AUTO,2020,2020_2
2020-0058,1,PEATON,AUTO,2020,2020_2
2020-0059,1,PEATON,PASAJEROS,2020,2020_2
2020-0060,1,PEATON,MOTO,2020,2020_2
2020-0061,1,MOTO,CARGAS,2020,2020_2
2020-0062,1,BICICLETA,PASAJEROS,2020,2020_2
2020-0063,2,PEATON_MOTO,MOTO,2020,2020_2
2020-0065,1,MOTO,AUTO,2020,2020_2
2020-0066,1,MOTO,OBJETO FIJO,2020,2020_2
2020-0067,1,PEATON,PASAJEROS,2020,2020_2
2020-0068,1,MOTO,AUTO,2020,2020_2
2020-0069,1,MOTO,PASAJEROS,2020,2020_2
2020-0070,1,PEATON,PASAJEROS,2020,2020_2
2020-0071,1,PEATON,AUTO,2020,2020_2
2020-0072,1,BICICLETA,AUTO,2020,2020_2
2020-0073,1,MOTO,OBJETO FIJO,2020,2020_2
2020-0074,1,AUTO,AUTO,2020,2020_2
2020-0075,1,PEATON,PASAJEROS,2020,2020_2
2020-0076,1,AUTO,PASAJEROS,2020,2020_2
2020-0077,2,MOTO,AUTO,2020,2020_2
2020-0078,1,BICICLETA,PASAJEROS,2020,2020_2
2020-0079,1,MOTO,OBJETO FIJO,2020,2020_2
2021-0001,1,MOTO,AUTO,2021,2021_1
2021-0002,1,MOTO,CARGAS,2021,2021_1
2021-0003,1,MOTO,OBJETO FIJO,2021,2021_1
2021-0004,1,PEATON,CARGAS,2021,2021_1
2021-0005,1,PEATON,AUTO,2021,2021_1
2021-0006,1,MOTO,CARGAS,2021,2021_1
2021-0007,1,MOTO,MOTO,2021,2021_1
2021-0008,1,PEATON,PASAJEROS,2021,2021_1
2021-0009,1,MOTO,OBJETO FIJO,2021,2021_1
2021-0010,1,MOTO,AUTO,2021,2021_1
2021-0011,1,PEATON,AUTO,2021,2021_1
2021-0012,1,PEATON,AUTO,2021,2021_1
2021-0013,1,MOTO,OBJETO FIJO,2021,2021_1
2021-0014,1,PEATON,AUTO,2021,2021_1
2021-0015,1,MOTO,OBJETO FIJO,2021,2021_1
2021-0016,1,AUTO,OBJETO FIJO,2021,2021_1
2021-0017,1,MOTO,PASAJEROS,2021,2021_1
2021-0018,1,PEATON,AUTO,2021,2021_1
2021-0019,1,MOTO,OBJETO FIJO,2021,2021_1
2021-0020,1,PEATON,CARGAS,2021,2021_1
2021-0021,1,MOTO,OBJETO FIJO,2021,2021_1
2021-0022,1,PASAJEROS,SD,2021,2021_1
2021-0023,1,MOTO,CARGAS,2021,2021_1
2021-0024,1,BICICLETA,CARGAS,2021,2021_1
2021-0025,1,MOTO,OTRO,2021,2021_1
2021-0026,1,MOTO,OBJETO FIJO,2021,2021_1
2021-0027,1,MOTO,CARGAS,2021,2021_1
2021-0028,1,PEATON,PASAJEROS,2021,2021_1
2021-0029,1,AUTO,AUTO,2021,2021_1
2021-0030,1,PEATON,PASAJEROS,2021,2021_1
2021-0031,1,PEATON,CARGAS,2021,2021_1
2021-0032,1,PEATON,MOTO,2021,2021_1
2021-0033,1,AUTO,OBJETO FIJO,2021,2021_1
2021-0034,1,MOTO,CARGAS,2021,2021_1
2021-0035,1,MOTO,CARGAS,2021,2021_1
2021-0036,1,MOTO,OBJETO FIJO,2021,2021_1
2021-0037,1,PEATON,PASAJEROS,2021,2021_1
2021-0038,1,MOTO,CARGAS,2021,2021_1
2021-0039,1,BICICLETA,AUTO,2021,2021_1
2021-0040,1,MOTO,AUTO,2021,2021_1
2021-0041,1,PEATON,PASAJEROS,2021,2021_1
2021-0042,1,PEATON,PASAJEROS,2021,2021_1
2021-0043,1,PEATON,AUTO,2021,2021_1
2021-0044,1,MOTO,OBJETO FIJO,2021,2021_1
2021-0045,1,MOTO,MULTIPLE,2021,2021_1
2021-0046,1,AUTO,OBJETO FIJO,2021,2021_1
2021-0047,1,MOTO,AUTO,2021,2021_1
2021-0048,1,BICICLETA,AUTO,2021,2021_1
2021-0049,1,AUTO,AUTO,2021,2021_1
2021-0050,1,MOTO,PASAJEROS,2021,2021_1
2021-0051,1,PEATON,CARGAS,2021,2021_1
2021-0052,1,MOTO,OBJETO FIJO,2021,2021_1
2021-0053,1,PEATON,BICICLETA,2021,2021_1
2021-0054,1,MOTO,CARGAS,2021,2021_1
2021-0055,1,MOTO,CARGAS,2021,2021_1
2021-0056,1,BICICLETA,AUTO,2021,2021_2
2021-0057,1,AUTO,OBJETO FIJO,2021,2021_2
2021-0058,1,PEATON,AUTO,2021,2021_2
2021-0059,1,AUTO,OBJETO FIJO,2021,2021_2
2021-0060,1,PEATON,PASAJEROS,2021,2021_2
2021-0061,1,PEATON,CARGAS,2021,2021_2
2021-0062,1,AUTO,CARGAS,2021,2021_2
2021-0063,1,AUTO,AUTO,2021,2021_2
2021-0064,1,PEATON,CARGAS,2021,2021_2
2021-0065,1,PEATON,PASAJEROS,2021,2021_2
2021-0066,1,PEATON,PASAJEROS,2021,2021_2
2021-0067,1,MOTO,OBJETO FIJO,2021,2021_2
2021-0068,1,MOTO,OBJETO FIJO,2021,2021_2
2021-0069,1,PEATON,AUTO,2021,2021_2
2021-0070,1,MOTO,CARGAS,2021,2021_2
2021-0071,1,PEATON,MOTO,2021,2021_2
2021-0072,1,PEATON,AUTO,2021,2021_2
2021-0073,1,BICICLETA,AUTO,2021,2021_2
2021-0074,1,MOTO,MULTIPLE,2021,2021_2
2021-0075,1,PEATON,CARGAS,2021,2021_2
2021-0076,1,MOTO,OBJETO FIJO,2021,2021_2
2021-0077,1,MOTO,CARGAS,2021,2021_2
2021-0078,1,MOTO,PASAJEROS,2021,2021_2
2021-0079,1,PEATON,AUTO,2021,2021_2
2021-0080,1,MOTO,AUTO,2021,2021_2
2021-0081,1,MOTO,CARGAS,2021,2021_2
2021-0082,1,MOTO,AUTO,2021,2021_2
2021-0083,1,MOTO,AUTO,2021,2021_2
2021-0084,1,AUTO,OBJETO FIJO,2021,2021_2
2021-0085,1,MOTO,OBJETO FIJO,2021,2021_2
2021-0086,1,PEATON,PASAJEROS,2021,2021_2
2021-0087,1,PEATON,BICICLETA,2021,2021_2
2021-0088,1,MOTO,AUTO,2021,2021_2
2021-0089,1,MOTO,AUTO,2021,2021_2
2021-0090,1,PEATON,PASAJEROS,2021,2021_2
2021-0091,1,MOTO,AUTO,2021,2021_2
2021-0092,1,PEATON,AUTO,2021,2021_2
2021-0093,1,MOTO,AUTO,2021,2021_2
2021-0094,1,MOTO,AUTO,2021,2021_2
2021-0095,1,MOTO,CARGAS,2021,2021_2
2021-0096,1,AUTO,CARGAS,2021,2021_2
2021-0097,1,BICICLETA,AUTO,2021,2021_2
